[
  {
    "username": "janis",
    "items": [
      "1x Margarita (20 cm) - 7.99€"
    ],
    "totalPrice": 7.99,
    "deliveryMethod": "Pašizvešana",
    "orderTime": "2025-04-16 11:23:45"
  },
  {
    "username": "JegorsG",
    "items": [
      "3x BBQ (30 cm) - 43.35€"
    ],
    "totalPrice": 43.35,
    "deliveryMethod": "Piegāde",
    "orderTime": "2025-04-17 18:45:00"
  },
  {
    "username": "RadeonRX",
    "items": [
      "2x Havaju (40 cm) - 34.98€"
    ],
    "totalPrice": 34.98,
    "deliveryMethod": "Piegāde",
    "orderTime": "2025-04-18 14:20:10"
  },
  {
    "username": "Jegors",
    "items": [
      "1x Grieķu (30 cm) - 10.99€"
    ],
    "totalPrice": 10.99,
    "deliveryMethod": "Piegāde",
    "orderTime": "2025-04-19 13:30:15"
  },
  {
    "username": "janis",
    "items": [
      "2x Pepperoni (30 cm) - 25.98€",
      "1x Veģetārā (40 cm) - 14.49€"
    ],
    "totalPrice": 40.47,
    "deliveryMethod": "Piegāde",
    "orderTime": "2025-04-20 16:10:12"
  },
  {
    "username": "Jegors",
    "items": [
      "3x Ar trifelēm (40 cm) - 65.97€"
    ],
    "totalPrice": 65.97,
    "deliveryMethod": "Piegāde",
    "orderTime": "2025-04-22 18:10:05"
  },
  {
    "username": "RadeonRX",
    "items": [
      "1x Veģetārā (20 cm) - 8.49€"
    ],
    "totalPrice": 8.49,
    "deliveryMethod": "Pašizvešana",
    "orderTime": "2025-04-25 09:15:55"
  },
  {
    "username": "janis",
    "items": [
      "1x Četri sieri (40 cm) - 17.99€",
      "2x Havaju (20 cm) - 19.98€"
    ],
    "totalPrice": 37.97,
    "deliveryMethod": "Piegāde",
    "orderTime": "2025-04-28 09:05:30"
  },
  {
    "username": "Jegors",
    "items": [
      "2x Lauku (20 cm) - 20.98€"
    ],
    "totalPrice": 20.98,
    "deliveryMethod": "Pašizvešana",
    "orderTime": "2025-04-30 08:55:45"
  },
  {
    "username": "RadeonRX",
    "items": [
      "4x Salami (30 cm) - 49.96€"
    ],
    "totalPrice": 49.96,
    "deliveryMethod": "Pašizvešana",
    "orderTime": "2025-05-01 17:05:40"
  },
  {
    "username": "JegorsG",
    "items": [
      "1x Itāļu (40 cm) - 18.99€",
      "1x Margarita (20 cm) - 7.99€"
    ],
    "totalPrice": 26.98,
    "deliveryMethod": "Pašizvešana",
    "orderTime": "2025-05-02 12:30:22"
  },
  {
    "username": "Jegors",
    "items": [
      "1x Āsais Meksikānis (30 cm) - 13.49€",
      "1x Pepperoni (20 cm) - 9.49€"
    ],
    "totalPrice": 22.98,
    "deliveryMethod": "Pašizvešana",
    "orderTime": "2025-05-03 11:20:00"
  },
  {
    "username": "RadeonRX",
    "items": [
      "1x Jūras velšu (40 cm) - 21.49€"
    ],
    "totalPrice": 21.49,
    "deliveryMethod": "Piegāde",
    "orderTime": "2025-05-04 20:00:00"
  },
  {
    "username": "Andrejs",
    "items": [
      "3x BBQ (40 cm) - 43.35€"
    ],
    "totalPrice": 21.49,
    "deliveryMethod": "Piegāde",
    "orderTime": "2025-05-05 20:32:05"
  },
  {
    "username": "RadeonRX",
    "items": [
      "2x Carbonara (40 cm) - 56.97€"
    ],
    "totalPrice": 56.97,
    "deliveryMethod": "Pašizvešana",
    "orderTime": "2025-05-06 10:45:30"
  },
  {
    "items": [
      "3x Margarita (30 cm) - 31.47€",
      "1x Itāļu (40 cm) - 18.99€"
    ],
    "totalPrice": 47.91,
    "deliveryMethod": "Piegāde",
    "orderTime": "2025-05-06 15:28:49"
  },
  {
    "items": [
      "3x Margarita (20 cm) - 23.97€"
    ],
    "totalPrice": 26.47,
    "deliveryMethod": "Piegāde",
    "orderTime": "2025-05-06 16:10:35"
  },
  {
    "items": [
      "2x Margarita (20 cm) - 15.98€"
    ],
    "totalPrice": 18.48,
    "deliveryMethod": "Piegāde",
    "orderTime": "2025-05-06 16:34:22"
  },
  {
    "items": [
      "3x Četri sieri (30 cm) - 41.97€"
    ],
    "totalPrice": 44.47,
    "deliveryMethod": "Piegāde",
    "orderTime": "2025-05-06 16:53:42"
  }
]