[
  {
    "username": "admin",
    "password": "password",
    "isAdmin": true,
    "email": ""
  },
  {
    "username": "janis",
    "password": "1234",
    "isAdmin": false,
    "email": "piccaveikalsad@gmail.com"
  },
  {
    "username": "JegorsG",
    "password": "1q2w3e4r",
    "isAdmin": false,
    "email": "A230245JG@rvt.lv"
  },
  {
    "username": "RadeonRX",
    "password": "12345",
    "isAdmin": false,
    "email": "A230851RP@rvt.lv"
  },
  {
    "username": "Jegors",
    "password": "pbexam",
    "isAdmin": false,
    "email": "pbexam1@gmail.com"
  },
  {
    "username": "Andrejs",
    "password": "123456",
    "isAdmin": false,
    "email": ""
  }
]